{
  "properties": {
    "connectionReferences": {
      "shared_commondataserviceforapps": {
        "runtimeSource": "embedded",
        "connection": {
          "connectionReferenceLogicalName": "ya_sharedcommondataserviceforapps_f9536"
        },
        "api": {
          "name": "shared_commondataserviceforapps"
        }
      }
    },
    "definition": {
      "$schema": "https://schema.management.azure.com/providers/Microsoft.Logic/schemas/2016-06-01/workflowdefinition.json#",
      "contentVersion": "1.0.0.0",
      "parameters": {
        "$connections": {
          "defaultValue": {},
          "type": "Object"
        },
        "$authentication": {
          "defaultValue": {},
          "type": "SecureObject"
        }
      },
      "triggers": {
        "manual": {
          "metadata": {
            "operationMetadataId": "8542e2aa-643f-4d03-a239-d0f3980ef98d"
          },
          "type": "Request",
          "kind": "Button",
          "inputs": {
            "schema": {
              "type": "object",
              "properties": {
                "file": {
                  "title": "Source",
                  "type": "object",
                  "x-ms-dynamically-added": true,
                  "description": "CSVファイルを選択してください",
                  "x-ms-content-hint": "FILE",
                  "properties": {
                    "name": {
                      "type": "string"
                    },
                    "contentBytes": {
                      "type": "string",
                      "format": "byte"
                    }
                  }
                }
              },
              "required": []
            }
          }
        }
      },
      "actions": {
        "入力ファイル": {
          "runAfter": {},
          "metadata": {
            "operationMetadataId": "505b5a11-5aeb-400d-9782-7fb90ac8b333"
          },
          "type": "Compose",
          "inputs": "@decodeBase64(triggerBody()?['file']?['contentBytes'])",
          "description": "decodeBase64(triggerBody()?['file']?['contentBytes'])"
        },
        "Apply_to_each": {
          "foreach": "@split(outputs('入力ファイル'), decodeUriComponent('%0D%0A'))",
          "actions": {
            "UPN": {
              "runAfter": {},
              "metadata": {
                "operationMetadataId": "f8740a15-7fe9-4888-b7b0-609340149e19"
              },
              "type": "Compose",
              "inputs": "@last(take(split(items('Apply_to_each'), ','), 1))",
              "description": "last(take(split(items('Apply_to_each'), ','), 1))"
            },
            "条件_2": {
              "actions": {
                "RoleName": {
                  "runAfter": {},
                  "metadata": {
                    "operationMetadataId": "70be8c82-cb23-4ae5-8969-b813389cc6fb"
                  },
                  "type": "Compose",
                  "inputs": "@last(take(split(items('Apply_to_each'), ','), 2))",
                  "description": "last(take(split(items('Apply_to_each'), ','), 2))"
                },
                "Type": {
                  "runAfter": {
                    "RoleName": [
                      "Succeeded"
                    ]
                  },
                  "metadata": {
                    "operationMetadataId": "e9785879-bafe-400d-80f8-130e486a3864"
                  },
                  "type": "Compose",
                  "inputs": "@last(take(split(items('Apply_to_each'), ','), 3))",
                  "description": "last(take(split(items('Apply_to_each'), ','), 3))"
                },
                "ユーザーを取得する": {
                  "runAfter": {
                    "Type": [
                      "Succeeded"
                    ]
                  },
                  "metadata": {
                    "operationMetadataId": "ecea28ac-c2ca-48b1-bdb7-22984632eb6f"
                  },
                  "type": "OpenApiConnection",
                  "inputs": {
                    "host": {
                      "connectionName": "shared_commondataserviceforapps",
                      "operationId": "ListRecords",
                      "apiId": "/providers/Microsoft.PowerApps/apis/shared_commondataserviceforapps"
                    },
                    "parameters": {
                      "entityName": "systemusers",
                      "$filter": "domainname eq '@{outputs('UPN')}'",
                      "$top": 1
                    },
                    "authentication": {
                      "type": "Raw",
                      "value": "@json(decodeBase64(triggerOutputs().headers['X-MS-APIM-Tokens']))['$ConnectionKey']"
                    }
                  }
                },
                "ロールを取得する": {
                  "runAfter": {
                    "ユーザーを取得する": [
                      "Succeeded"
                    ]
                  },
                  "metadata": {
                    "operationMetadataId": "8c6ccc2e-39ec-490d-99d9-e076997d6565"
                  },
                  "type": "OpenApiConnection",
                  "inputs": {
                    "host": {
                      "connectionName": "shared_commondataserviceforapps",
                      "operationId": "ListRecords",
                      "apiId": "/providers/Microsoft.PowerApps/apis/shared_commondataserviceforapps"
                    },
                    "parameters": {
                      "entityName": "roles",
                      "$filter": "name eq '@{outputs('RoleName')}'",
                      "$top": 1
                    },
                    "authentication": {
                      "type": "Raw",
                      "value": "@json(decodeBase64(triggerOutputs().headers['X-MS-APIM-Tokens']))['$ConnectionKey']"
                    }
                  }
                },
                "指定したロールが存在すれば": {
                  "actions": {
                    "ロールのGUID": {
                      "runAfter": {},
                      "metadata": {
                        "operationMetadataId": "d5afd4cc-6caf-4df1-9d24-01686ba73a1d"
                      },
                      "type": "Compose",
                      "inputs": "@first(outputs('ロールを取得する')?['body/value'])?['roleid']",
                      "description": "first(outputs('ロールを取得する')?['body/value'])?['roleid']"
                    },
                    "ユーザーのOData_ID": {
                      "runAfter": {
                        "ロールのGUID": [
                          "Succeeded"
                        ]
                      },
                      "metadata": {
                        "operationMetadataId": "e4cd83d9-4924-4856-92f2-913a4e937913"
                      },
                      "type": "Compose",
                      "inputs": "@first(outputs('ユーザーを取得する')?['body/value'])?['@odata.id']",
                      "description": "first(outputs('ユーザーを取得する')?['body/value'])?['@odata.id']"
                    },
                    "条件": {
                      "actions": {
                        "行を関連付ける": {
                          "runAfter": {},
                          "metadata": {
                            "operationMetadataId": "dad58797-2bee-496e-a228-e7445f88fd9f"
                          },
                          "type": "OpenApiConnection",
                          "inputs": {
                            "host": {
                              "connectionName": "shared_commondataserviceforapps",
                              "operationId": "AssociateEntities",
                              "apiId": "/providers/Microsoft.PowerApps/apis/shared_commondataserviceforapps"
                            },
                            "parameters": {
                              "entityName": "roles",
                              "recordId": "@outputs('ロールのGUID')",
                              "associationEntityRelationship": "systemuserroles_association",
                              "item/@odata.id": "@outputs('ユーザーのOData_ID')"
                            },
                            "authentication": {
                              "type": "Raw",
                              "value": "@json(decodeBase64(triggerOutputs().headers['X-MS-APIM-Tokens']))['$ConnectionKey']"
                            }
                          },
                          "description": "outputs('ロールのGUID')    outputs('ユーザーのOData_ID')"
                        }
                      },
                      "runAfter": {
                        "ユーザーのOData_ID": [
                          "Succeeded"
                        ]
                      },
                      "else": {
                        "actions": {
                          "行の関連付けを解除する": {
                            "runAfter": {},
                            "metadata": {
                              "operationMetadataId": "469c482d-c2a9-4845-9436-3356da285ed4"
                            },
                            "type": "OpenApiConnection",
                            "inputs": {
                              "host": {
                                "connectionName": "shared_commondataserviceforapps",
                                "operationId": "DisassociateEntities",
                                "apiId": "/providers/Microsoft.PowerApps/apis/shared_commondataserviceforapps"
                              },
                              "parameters": {
                                "entityName": "roles",
                                "recordId": "@outputs('ロールのGUID')",
                                "associationEntityRelationship": "systemuserroles_association",
                                "$id": "@outputs('ユーザーのOData_ID')"
                              },
                              "authentication": {
                                "type": "Raw",
                                "value": "@json(decodeBase64(triggerOutputs().headers['X-MS-APIM-Tokens']))['$ConnectionKey']"
                              }
                            },
                            "description": "outputs('ロールのGUID')    outputs('ユーザーのOData_ID')"
                          }
                        }
                      },
                      "expression": {
                        "equals": [
                          "@outputs('Type')",
                          "割当"
                        ]
                      },
                      "metadata": {
                        "operationMetadataId": "a2099c4a-5c54-46f5-96b8-54c9231bcc48"
                      },
                      "type": "If"
                    }
                  },
                  "runAfter": {
                    "ロールを取得する": [
                      "Succeeded"
                    ]
                  },
                  "expression": {
                    "and": [
                      {
                        "greater": [
                          "@length(outputs('ロールを取得する')?['body/value'])",
                          0
                        ]
                      },
                      {
                        "greater": [
                          "@length(outputs('ユーザーを取得する')?['body/value'])",
                          0
                        ]
                      }
                    ]
                  },
                  "metadata": {
                    "operationMetadataId": "9f021f7f-9a4e-42ea-86f5-a08b3f875223"
                  },
                  "type": "If",
                  "description": "length(outputs('ロールを取得する')?['body/value'])"
                }
              },
              "runAfter": {
                "UPN": [
                  "Succeeded"
                ]
              },
              "expression": {
                "contains": [
                  "@outputs('UPN')",
                  "@'@'"
                ]
              },
              "metadata": {
                "operationMetadataId": "9d6b44d0-71f9-4832-a2de-aaa146b70b49"
              },
              "type": "If"
            }
          },
          "runAfter": {
            "入力ファイル": [
              "Succeeded"
            ]
          },
          "metadata": {
            "operationMetadataId": "95bef74e-8d18-4985-8f36-c4ea392ab4c4"
          },
          "type": "Foreach",
          "description": "split(outputs('入力ファイル'), decodeUriComponent('%0D%0A'))"
        }
      }
    },
    "templateName": ""
  },
  "schemaVersion": "1.0.0.0"
}