{
  "properties": {
    "connectionReferences": {
      "shared_commondataserviceforapps": {
        "runtimeSource": "embedded",
        "connection": {
          "connectionReferenceLogicalName": "ya_sharedcommondataserviceforapps_f9536"
        },
        "api": {
          "name": "shared_commondataserviceforapps"
        }
      }
    },
    "definition": {
      "$schema": "https://schema.management.azure.com/providers/Microsoft.Logic/schemas/2016-06-01/workflowdefinition.json#",
      "contentVersion": "1.0.0.0",
      "parameters": {
        "$connections": {
          "defaultValue": {},
          "type": "Object"
        },
        "$authentication": {
          "defaultValue": {},
          "type": "SecureObject"
        }
      },
      "triggers": {
        "manual": {
          "metadata": {
            "operationMetadataId": "8542e2aa-643f-4d03-a239-d0f3980ef98d"
          },
          "type": "Request",
          "kind": "Button",
          "inputs": {
            "schema": {
              "type": "object",
              "properties": {
                "email": {
                  "title": "ユーザープリンシパル名",
                  "type": "string",
                  "format": "email",
                  "x-ms-dynamically-added": true,
                  "description": "ユーザープリンシパル名を半角カンマ区切りで入力してください",
                  "x-ms-content-hint": "EMAIL"
                },
                "text": {
                  "title": "ロール名",
                  "type": "string",
                  "x-ms-dynamically-added": true,
                  "description": "ロール名（表示名）を指定してください",
                  "x-ms-content-hint": "TEXT"
                },
                "boolean": {
                  "title": "割り当てを解除",
                  "type": "boolean",
                  "x-ms-dynamically-added": true,
                  "description": "[はい（割り当て解除）] または [いいえ（割り当て）] を選択してください",
                  "x-ms-content-hint": "BOOLEAN"
                }
              },
              "required": [
                "email",
                "text",
                "boolean"
              ]
            }
          }
        }
      },
      "actions": {
        "変数Usersを初期化する": {
          "runAfter": {},
          "metadata": {
            "operationMetadataId": "6c348f6c-1ae5-463f-b23d-77a912cc317e"
          },
          "type": "InitializeVariable",
          "inputs": {
            "variables": [
              {
                "name": "Users",
                "type": "array",
                "value": "@split(triggerBody()['email'], ',')"
              }
            ]
          },
          "description": "split(triggerBody()['email'], ',')"
        },
        "ロールを取得する": {
          "runAfter": {
            "変数Usersを初期化する": [
              "Succeeded"
            ]
          },
          "metadata": {
            "operationMetadataId": "8c6ccc2e-39ec-490d-99d9-e076997d6565"
          },
          "type": "OpenApiConnection",
          "inputs": {
            "host": {
              "connectionName": "shared_commondataserviceforapps",
              "operationId": "ListRecords",
              "apiId": "/providers/Microsoft.PowerApps/apis/shared_commondataserviceforapps"
            },
            "parameters": {
              "entityName": "roles",
              "$filter": "name eq '@{triggerBody()['text']}'",
              "$top": 1
            },
            "authentication": {
              "type": "Raw",
              "value": "@json(decodeBase64(triggerOutputs().headers['X-MS-APIM-Tokens']))['$ConnectionKey']"
            }
          }
        },
        "指定したロールが存在すれば": {
          "actions": {
            "ロールのGUID": {
              "runAfter": {},
              "metadata": {
                "operationMetadataId": "d5afd4cc-6caf-4df1-9d24-01686ba73a1d"
              },
              "type": "Compose",
              "inputs": "@first(outputs('ロールを取得する')?['body/value'])?['roleid']",
              "description": "first(outputs('ロールを取得する')?['body/value'])?['roleid']"
            },
            "ユーザーごとに": {
              "foreach": "@variables('Users')",
              "actions": {
                "ユーザーを取得する": {
                  "runAfter": {},
                  "metadata": {
                    "operationMetadataId": "ecea28ac-c2ca-48b1-bdb7-22984632eb6f"
                  },
                  "type": "OpenApiConnection",
                  "inputs": {
                    "host": {
                      "connectionName": "shared_commondataserviceforapps",
                      "operationId": "ListRecords",
                      "apiId": "/providers/Microsoft.PowerApps/apis/shared_commondataserviceforapps"
                    },
                    "parameters": {
                      "entityName": "systemusers",
                      "$filter": "domainname eq '@{items('ユーザーごとに')}'",
                      "$top": 1
                    },
                    "authentication": {
                      "type": "Raw",
                      "value": "@json(decodeBase64(triggerOutputs().headers['X-MS-APIM-Tokens']))['$ConnectionKey']"
                    }
                  }
                },
                "ユーザーが環境に存在すれば": {
                  "actions": {
                    "ユーザーのOData_ID": {
                      "runAfter": {},
                      "metadata": {
                        "operationMetadataId": "e4cd83d9-4924-4856-92f2-913a4e937913"
                      },
                      "type": "Compose",
                      "inputs": "@first(outputs('ユーザーを取得する')?['body/value'])?['@odata.id']",
                      "description": "first(outputs('ユーザーを取得する')?['body/value'])?['@odata.id']"
                    },
                    "条件": {
                      "actions": {
                        "行を関連付ける": {
                          "runAfter": {},
                          "metadata": {
                            "operationMetadataId": "dad58797-2bee-496e-a228-e7445f88fd9f"
                          },
                          "type": "OpenApiConnection",
                          "inputs": {
                            "host": {
                              "connectionName": "shared_commondataserviceforapps",
                              "operationId": "AssociateEntities",
                              "apiId": "/providers/Microsoft.PowerApps/apis/shared_commondataserviceforapps"
                            },
                            "parameters": {
                              "entityName": "roles",
                              "recordId": "@outputs('ロールのGUID')",
                              "associationEntityRelationship": "systemuserroles_association",
                              "item/@odata.id": "@outputs('ユーザーのOData_ID')"
                            },
                            "authentication": {
                              "type": "Raw",
                              "value": "@json(decodeBase64(triggerOutputs().headers['X-MS-APIM-Tokens']))['$ConnectionKey']"
                            }
                          },
                          "description": "outputs('ロールのGUID')    outputs('ユーザーのOData_ID')"
                        }
                      },
                      "runAfter": {
                        "ユーザーのOData_ID": [
                          "Succeeded"
                        ]
                      },
                      "else": {
                        "actions": {
                          "行の関連付けを解除する": {
                            "runAfter": {},
                            "metadata": {
                              "operationMetadataId": "469c482d-c2a9-4845-9436-3356da285ed4"
                            },
                            "type": "OpenApiConnection",
                            "inputs": {
                              "host": {
                                "connectionName": "shared_commondataserviceforapps",
                                "operationId": "DisassociateEntities",
                                "apiId": "/providers/Microsoft.PowerApps/apis/shared_commondataserviceforapps"
                              },
                              "parameters": {
                                "entityName": "roles",
                                "recordId": "@outputs('ロールのGUID')",
                                "associationEntityRelationship": "systemuserroles_association",
                                "$id": "@outputs('ユーザーのOData_ID')"
                              },
                              "authentication": {
                                "type": "Raw",
                                "value": "@json(decodeBase64(triggerOutputs().headers['X-MS-APIM-Tokens']))['$ConnectionKey']"
                              }
                            },
                            "description": "outputs('ロールのGUID')    outputs('ユーザーのOData_ID')"
                          }
                        }
                      },
                      "expression": {
                        "equals": [
                          "@triggerBody()['boolean']",
                          "@false"
                        ]
                      },
                      "metadata": {
                        "operationMetadataId": "a2099c4a-5c54-46f5-96b8-54c9231bcc48"
                      },
                      "type": "If"
                    }
                  },
                  "runAfter": {
                    "ユーザーを取得する": [
                      "Succeeded"
                    ]
                  },
                  "expression": {
                    "greater": [
                      "@length(outputs('ユーザーを取得する')?['body/value'])",
                      0
                    ]
                  },
                  "metadata": {
                    "operationMetadataId": "23745a2f-821c-4dd3-b669-5e63a7c71a06"
                  },
                  "type": "If",
                  "description": "length(outputs('ユーザーを取得する')?['body/value'])"
                }
              },
              "runAfter": {
                "ロールのGUID": [
                  "Succeeded"
                ]
              },
              "metadata": {
                "operationMetadataId": "fa242d19-de5f-4445-bb74-29824d54161f"
              },
              "type": "Foreach"
            }
          },
          "runAfter": {
            "ロールを取得する": [
              "Succeeded"
            ]
          },
          "expression": {
            "greater": [
              "@length(outputs('ロールを取得する')?['body/value'])",
              0
            ]
          },
          "metadata": {
            "operationMetadataId": "9f021f7f-9a4e-42ea-86f5-a08b3f875223"
          },
          "type": "If",
          "description": "length(outputs('ロールを取得する')?['body/value'])"
        }
      }
    },
    "templateName": ""
  },
  "schemaVersion": "1.0.0.0"
}